Task_ID,Task_Duration_Days,Labor_Required,Equipment_Units,Material_Cost_USD,Start_Constraint,Risk_Level,Resource_Constraint_Score,Site_Constraint_Score,Dependency_Count
T1,52,14,6,16789.73,0,Medium,0.41,0.59,4
T2,15,2,2,16885.8,5,Low,0.75,0.17,3
T3,72,11,1,7978.7,22,Low,0.96,0.41,1
T4,61,1,5,19379.02,18,Low,0.41,0.67,4
T5,21,19,5,66757.72,22,Low,0.85,0.63,3
T6,83,4,2,88287.37,10,High,0.24,0.6,2
T7,87,19,6,81598.44,10,Low,0.63,0.33,0
T8,75,11,9,68828.3,22,Low,0.26,0.4,1
T9,75,8,2,11932.75,29,Low,0.95,0.18,0
T10,88,11,2,29629.56,12,Medium,0.81,0.68,2
T11,24,4,3,31670.88,10,Low,0.73,0.5,4
T12,3,17,7,25745.74,17,Medium,0.86,0.67,4
T13,22,7,6,51985.56,22,Low,0.72,0.3,2
T14,53,8,8,54019.83,14,Low,0.98,0.36,2
T15,2,3,8,36331.71,0,Low,0.77,0.37,1
T16,88,2,6,36025.13,20,High,0.94,0.12,3
T17,30,15,3,83027.0,24,High,0.61,0.37,0
T18,38,5,3,79139.99,6,Low,0.29,0.74,0
T19,2,1,1,31471.79,22,Medium,0.62,0.82,4
T20,64,4,7,91465.06,26,High,0.3,0.51,4
T21,60,15,5,95328.69,12,Low,0.67,0.46,1
T22,21,19,4,33347.51,11,High,0.59,0.12,2
T23,33,3,4,36088.07,17,Low,0.7,0.8,0
T24,76,11,4,51057.78,23,High,0.21,0.11,1
T25,58,17,6,94170.96,18,Medium,0.36,0.86,4
T26,22,13,8,87755.62,14,High,0.59,0.49,4
T27,89,11,8,11154.23,7,Medium,0.96,0.37,0
T28,49,2,5,39880.34,18,Low,0.51,0.84,4
T29,59,9,6,55783.75,9,High,0.54,0.12,4
T30,42,2,4,50810.11,6,Low,0.77,0.57,3
T31,60,9,9,20192.44,17,Low,0.68,0.54,2
T32,80,9,8,86022.86,15,Medium,0.44,0.28,4
T33,15,8,1,68017.14,19,Medium,0.53,0.44,3
T34,62,17,2,83952.93,26,High,0.37,0.62,1
T35,62,1,9,86017.66,5,Low,0.97,0.68,4
T36,47,11,8,75087.23,26,Medium,0.3,0.1,1
T37,62,8,3,44481.85,8,Medium,0.5,0.85,4
T38,51,10,8,61444.13,20,Low,0.22,0.23,0
T39,55,7,1,16876.18,12,Low,0.38,0.29,3
T40,64,3,4,67690.9,24,Low,0.82,0.31,3
T41,3,3,3,18746.07,20,Low,0.36,0.13,0
T42,51,18,6,69701.01,25,High,0.26,0.2,2
T43,7,5,7,23730.22,7,Medium,0.58,0.89,3
T44,21,12,4,12637.58,15,Medium,0.21,0.35,1
T45,73,12,7,17363.16,12,High,0.27,0.19,3
T46,39,19,9,1197.22,12,Low,0.85,0.19,2
T47,18,6,2,72155.22,16,High,0.82,0.68,1
T48,4,2,3,73507.7,22,Low,0.93,0.78,1
T49,89,12,5,51978.4,19,High,0.88,0.31,0
T50,60,19,3,16974.92,4,Low,0.75,0.12,4
T51,14,5,8,9271.88,21,High,0.24,0.28,0
T52,9,12,8,2893.77,20,Low,0.83,0.15,4
T53,53,17,8,17409.07,27,Low,0.88,0.18,0
T54,2,17,9,89194.7,16,Medium,0.84,0.45,4
T55,84,10,4,24912.15,27,Low,0.61,0.28,3
T56,60,17,5,36072.86,8,Medium,0.39,0.51,1
T57,71,15,5,11429.2,1,Low,0.88,0.3,4
T58,44,12,8,23013.77,24,Medium,0.78,0.85,3
T59,8,16,7,52403.23,25,Low,0.98,0.82,2
T60,47,19,9,61167.52,17,Low,0.32,0.55,0
T61,35,8,8,25289.88,8,Low,0.38,0.38,2
T62,78,17,2,6715.48,5,Low,0.37,0.4,3
T63,81,5,4,39712.25,10,Low,0.83,0.43,2
T64,36,16,6,24186.13,24,Low,0.35,0.68,2
T65,50,6,2,22735.84,28,Low,0.25,0.46,3
T66,4,8,7,96026.42,5,Low,1.0,0.79,1
T67,2,18,3,62013.75,5,Medium,0.22,0.86,4
T68,6,12,3,56130.97,12,High,0.87,0.37,0
T69,54,15,2,42161.74,10,Low,0.49,0.55,4
T70,4,9,8,43465.49,13,Medium,0.87,0.18,0
T71,54,13,6,54549.6,1,Medium,0.64,0.26,4
T72,63,15,1,69946.55,7,Low,0.92,0.43,2
T73,18,10,1,70512.46,2,Medium,0.94,0.26,1
T74,44,16,7,17997.7,22,Low,0.21,0.8,2
T75,34,7,8,50511.16,20,Medium,0.26,0.23,1
T76,74,17,5,41783.85,2,Low,0.4,0.46,3
T77,62,7,5,87182.17,0,Medium,0.74,0.58,0
T78,14,14,4,63510.47,23,Medium,0.91,0.65,0
T79,48,15,6,53717.9,18,Low,0.57,0.41,3
T80,15,7,6,12424.07,17,Low,0.69,0.8,4
T81,72,9,3,60958.15,16,High,0.35,0.55,3
T82,78,19,9,12603.19,19,Low,0.84,0.45,3
T83,87,16,7,34383.45,28,Medium,0.97,0.15,1
T84,62,8,1,15141.35,23,High,0.41,0.47,3
T85,40,18,7,69515.29,12,Medium,0.6,0.76,0
T86,85,18,5,21418.96,2,Medium,0.27,0.59,2
T87,80,7,5,39794.08,29,Medium,0.65,0.77,1
T88,82,3,2,89671.8,0,High,0.6,0.5,1
T89,53,18,4,21227.32,3,Low,0.32,0.19,4
T90,24,10,6,51272.7,24,Low,0.55,0.11,2
T91,26,7,7,42507.89,12,Low,0.47,0.34,1
T92,89,17,5,2794.28,16,High,0.62,0.66,3
T93,60,14,9,79483.05,27,Medium,0.67,0.73,1
T94,41,3,3,7835.54,29,Low,0.21,0.34,1
T95,29,12,1,47951.25,10,High,0.81,0.5,1
T96,15,13,4,56507.15,1,Low,0.77,0.44,4
T97,45,2,9,63214.22,24,Low,0.49,0.43,1
T98,65,3,4,69174.53,15,Medium,0.24,0.29,1
T99,89,5,2,26073.97,1,Low,0.8,0.21,4
T100,71,11,5,1987.9,28,High,0.96,0.26,2
T101,9,8,3,72620.92,18,Low,0.39,0.14,0
T102,88,12,9,54030.0,22,High,0.46,0.26,4
T103,1,7,4,83775.65,18,Medium,0.35,0.11,4
T104,8,15,6,82317.45,24,Low,0.66,0.6,1
T105,88,17,2,84489.29,15,High,0.32,0.35,1
T106,63,4,6,49024.37,21,Medium,0.48,0.88,0
T107,11,13,3,34029.21,18,Low,0.76,0.25,1
T108,81,18,9,79364.26,8,Low,0.65,0.38,3
T109,8,1,2,45678.12,0,High,0.51,0.39,1
T110,35,16,9,19160.78,9,Low,0.54,0.11,1
T111,35,13,5,85642.43,18,Low,0.65,0.77,3
T112,33,10,8,88373.43,0,Low,0.2,0.13,0
T113,5,12,2,47164.67,1,Low,0.26,0.85,3
T114,41,2,6,8494.27,15,Medium,0.91,0.81,4
T115,28,3,3,39394.78,11,Low,0.26,0.53,3
T116,7,10,5,80550.23,7,Low,0.77,0.53,2
T117,73,2,8,90275.63,22,Low,0.94,0.62,4
T118,72,13,1,21143.8,17,Low,0.42,0.41,1
T119,12,13,5,7630.39,1,High,0.5,0.62,4
T120,34,18,3,87857.69,24,Low,0.66,0.14,0
T121,33,3,4,39551.09,28,High,0.91,0.14,0
T122,48,7,2,54634.34,12,Low,0.95,0.47,3
T123,23,14,9,96838.52,5,Low,0.79,0.54,4
T124,62,17,3,7589.91,20,High,0.27,0.81,1
T125,88,12,2,65183.48,25,Low,0.74,0.18,0
T126,37,16,9,8336.44,5,Medium,0.53,0.76,1
T127,44,12,7,38171.42,8,High,0.58,0.27,2
T128,86,15,6,80577.64,15,Low,0.24,0.42,0
T129,35,10,1,43913.75,10,Low,0.35,0.35,3
T130,65,7,5,99721.05,6,Medium,0.83,0.42,2
T131,47,5,3,56346.87,9,Low,0.56,0.22,4
T132,78,1,1,32795.05,9,Low,0.44,0.5,1
T133,3,17,4,22791.02,29,Low,0.51,0.74,0
T134,1,3,2,35701.53,24,Low,0.88,0.45,2
T135,5,13,2,37880.79,19,Medium,0.8,0.49,2
T136,14,14,3,7802.65,17,Low,0.42,0.78,0
T137,27,18,8,37587.85,27,Low,0.29,0.66,4
T138,9,4,8,46959.61,23,Medium,0.4,0.49,4
T139,79,18,7,72551.04,19,Low,0.94,0.31,3
T140,15,5,6,66016.22,28,Low,0.67,0.81,4
T141,42,16,9,71167.8,8,Medium,0.63,0.56,3
T142,77,1,4,1828.0,14,Low,0.68,0.28,2
T143,51,14,1,22549.07,3,Medium,0.49,0.32,0
T144,63,15,8,66506.74,7,High,0.85,0.74,4
T145,52,9,7,48914.95,8,Low,0.62,0.14,3
T146,4,15,7,1526.03,12,Medium,0.29,0.89,2
T147,23,17,3,80644.97,8,Low,0.3,0.2,4
T148,15,4,4,77508.15,25,Low,0.63,0.74,1
T149,43,12,9,55293.5,3,High,0.95,0.42,2
T150,29,5,6,7579.87,16,High,0.45,0.49,4
T151,36,5,5,76884.99,15,Low,0.9,0.8,2
T152,13,11,3,58787.65,14,Medium,0.81,0.43,0
T153,32,6,9,78414.04,2,High,0.4,0.53,0
T154,71,7,5,75422.95,24,High,0.23,0.14,0
T155,59,14,5,80497.21,19,Medium,0.28,0.1,1
T156,86,11,4,52282.8,4,Low,0.78,0.3,0
T157,28,13,4,14892.13,22,Low,0.36,0.64,1
T158,66,2,1,67444.59,4,High,0.5,0.2,0
T159,42,7,7,62426.9,19,Low,0.6,0.19,2
T160,45,4,9,74483.07,14,Medium,0.78,0.43,4
T161,62,8,3,17818.22,17,Low,0.29,0.62,4
T162,57,19,2,20302.54,14,Low,0.53,0.67,0
T163,6,13,3,89150.54,1,Low,0.59,0.24,4
T164,28,14,1,75247.8,28,High,0.63,0.16,0
T165,28,10,6,90914.62,12,Low,0.85,0.85,0
T166,44,11,7,76112.82,3,Medium,0.34,0.31,3
T167,84,2,2,60118.38,9,Low,0.85,0.78,3
T168,30,9,8,65759.14,12,Low,0.75,0.79,3
T169,62,17,6,89023.66,9,Low,0.64,0.72,1
T170,75,3,4,58301.87,28,Medium,0.76,0.24,3
T171,89,6,5,63606.74,8,Low,0.53,0.76,0
T172,62,5,8,16491.19,7,Low,0.31,0.72,2
T173,1,5,3,47918.2,2,Low,0.73,0.58,3
T174,27,15,3,71923.31,15,Low,0.62,0.37,3
T175,62,17,4,27823.33,13,High,0.71,0.31,2
T176,77,9,1,21023.16,8,High,0.47,0.2,0
T177,3,3,9,32068.85,29,Low,0.93,0.51,1
T178,70,17,8,24908.56,20,Medium,0.67,0.57,3
T179,72,10,8,22276.35,10,High,0.27,0.39,2
T180,27,3,6,43060.23,2,Low,0.56,0.48,0
T181,9,18,7,90876.01,4,High,0.81,0.39,4
T182,62,18,6,51198.91,28,High,0.84,0.61,1
T183,37,17,9,19604.12,9,Low,0.6,0.82,2
T184,51,3,3,8620.2,12,Low,0.92,0.23,2
T185,44,3,3,69919.46,3,High,0.41,0.41,2
T186,24,6,3,38897.08,23,Medium,0.53,0.21,3
T187,79,13,3,82361.26,12,Low,0.92,0.6,4
T188,59,15,9,66291.57,11,Low,0.92,0.68,1
T189,32,9,4,79827.9,4,Low,0.75,0.85,0
T190,88,4,7,27922.66,9,Medium,0.89,0.32,0
T191,52,14,9,69543.53,27,Medium,0.27,0.86,4
T192,62,5,7,27142.14,23,High,0.89,0.15,2
T193,58,2,9,93967.78,8,Low,0.46,0.58,2
T194,52,11,3,64001.05,19,Medium,0.34,0.15,2
T195,12,9,4,33126.67,6,Medium,0.39,0.82,2
T196,39,3,8,27681.67,1,Low,0.53,0.52,2
T197,2,9,6,19901.73,21,Low,0.4,0.64,4
T198,3,3,5,69769.45,23,High,0.46,0.77,3
T199,56,2,4,22652.85,27,High,0.31,0.22,1
T200,81,12,8,59935.02,22,Low,0.44,0.13,2
T201,59,10,1,27198.87,6,Medium,0.66,0.8,3
T202,2,9,9,66534.93,7,Low,0.55,0.35,0
T203,2,15,1,81679.03,6,Medium,0.48,0.2,4
T204,54,8,8,78024.5,20,Medium,0.8,0.47,3
T205,87,5,4,76324.28,22,Medium,0.91,0.58,2
T206,1,11,9,19584.52,28,High,0.81,0.12,2
T207,19,2,5,9750.11,13,Medium,0.47,0.32,2
T208,2,15,3,70195.93,25,Low,0.8,0.13,3
T209,53,6,9,37466.37,18,Medium,0.32,0.44,2
T210,44,8,9,43802.28,4,Low,0.3,0.82,3
T211,32,5,4,4083.76,22,Low,0.48,0.89,2
T212,70,16,4,26698.07,24,Low,0.85,0.61,0
T213,32,18,8,4333.96,17,Low,0.4,0.23,0
T214,68,6,2,88039.39,19,Medium,0.25,0.82,1
T215,55,5,9,25096.27,11,Low,0.31,0.51,2
T216,75,16,6,56176.38,22,Medium,0.89,0.22,2
T217,56,13,9,4858.95,16,Medium,0.71,0.84,3
T218,17,5,8,67017.89,12,Low,0.4,0.71,3
T219,38,13,7,32979.71,1,High,0.64,0.69,2
T220,24,17,1,89894.0,24,Low,0.62,0.67,1
T221,69,18,3,88923.7,12,Low,0.72,0.26,2
T222,70,8,2,33203.77,25,Medium,0.39,0.27,3
T223,86,13,5,90195.13,6,Low,0.89,0.65,2
T224,11,19,5,99619.61,27,Low,0.45,0.28,3
T225,16,3,5,82716.15,9,Medium,0.76,0.45,2
T226,73,8,4,84642.26,22,Medium,0.21,0.73,4
T227,59,2,5,25651.86,5,Low,0.5,0.73,3
T228,70,8,3,58093.54,2,High,0.48,0.46,1
T229,80,13,1,7658.34,25,Medium,0.63,0.73,4
T230,3,13,5,10396.88,2,High,0.26,0.77,2
T231,20,1,9,99890.37,17,Low,0.83,0.62,3
T232,59,6,9,33337.29,10,Medium,0.37,0.28,4
T233,36,19,4,75070.21,21,High,0.74,0.32,1
T234,19,16,3,80859.84,19,Medium,0.84,0.35,3
T235,67,8,1,85944.3,4,Medium,0.65,0.19,4
T236,19,1,2,99765.2,18,Low,0.79,0.32,4
T237,20,16,8,24908.15,21,Low,0.73,0.27,4
T238,71,9,1,4994.73,26,Low,0.48,0.46,0
T239,52,13,8,41707.96,27,Low,0.85,0.83,2
T240,33,11,7,13877.99,18,High,0.44,0.18,3
T241,40,13,8,3220.16,29,Low,0.66,0.68,3
T242,39,10,6,36682.26,14,High,0.8,0.65,3
T243,82,4,9,78590.09,29,High,0.5,0.18,4
T244,1,6,3,57051.89,15,Low,0.44,0.84,2
T245,11,7,4,31965.02,23,Low,0.57,0.55,1
T246,57,5,6,65779.86,8,High,0.85,0.39,3
T247,89,11,8,23969.8,3,High,0.94,0.71,2
T248,50,13,5,2423.76,14,Low,0.64,0.31,2
T249,23,19,3,76670.99,24,Low,0.73,0.65,0
T250,31,10,6,62750.57,11,Medium,0.92,0.13,3
T251,42,10,4,76467.96,22,Medium,0.28,0.77,4
T252,7,11,9,4854.86,2,Low,0.39,0.46,2
T253,16,7,3,83874.84,22,Medium,0.77,0.61,2
T254,60,18,4,62333.09,13,Low,0.86,0.28,1
T255,2,4,7,56776.14,16,Low,0.89,0.64,0
T256,1,2,7,62836.79,18,Low,0.53,0.72,2
T257,48,14,4,86578.89,5,Low,0.27,0.48,2
T258,12,13,6,59106.71,3,Low,0.55,0.59,4
T259,69,12,3,58514.09,6,Low,0.38,0.47,4
T260,37,7,6,99077.24,29,Low,0.43,0.82,1
T261,32,2,2,75916.29,18,Low,0.82,0.5,1
T262,9,13,8,44787.09,16,Low,0.26,0.77,1
T263,19,14,2,71032.3,24,High,0.86,0.74,4
T264,48,17,7,39533.82,15,Low,0.54,0.43,4
T265,80,9,9,23658.67,14,Low,0.68,0.28,0
T266,3,17,1,60088.34,21,Medium,0.27,0.42,3
T267,20,8,8,92890.03,7,High,0.47,0.76,3
T268,24,2,7,92984.81,18,Low,0.27,0.28,0
T269,54,13,6,34848.62,7,Medium,0.97,0.52,3
T270,33,3,6,53240.07,17,Medium,0.85,0.74,4
T271,24,16,6,21951.95,27,Medium,0.57,0.38,3
T272,75,6,9,99567.48,15,Low,0.38,0.61,4
T273,72,19,2,98130.67,19,Medium,0.95,0.3,0
T274,36,7,1,65301.38,18,Low,0.48,0.19,1
T275,38,10,6,80636.99,9,Medium,0.33,0.74,0
T276,84,9,8,71794.92,16,Medium,0.65,0.18,3
T277,89,2,3,59722.66,12,Low,0.96,0.32,4
T278,25,15,1,6281.45,12,High,0.2,0.78,3
T279,18,5,9,46021.67,6,Low,0.39,0.38,3
T280,82,4,1,67803.84,26,High,0.95,0.88,1
T281,66,4,3,68075.63,9,Low,0.34,0.88,3
T282,54,18,8,37939.14,1,Low,0.29,0.31,1
T283,35,4,3,94227.51,3,Low,0.66,0.13,4
T284,80,17,4,17568.35,24,High,0.89,0.66,4
T285,61,12,8,50535.59,5,Low,0.58,0.46,1
T286,41,17,1,69397.51,23,Low,1.0,0.18,0
T287,33,10,6,70016.44,17,Low,0.74,0.67,4
T288,68,1,1,65215.26,22,Medium,0.26,0.12,0
T289,33,18,1,28253.53,5,Medium,0.99,0.8,4
T290,14,18,8,16464.45,28,Low,0.53,0.21,4
T291,21,14,4,63958.09,29,Low,0.43,0.2,2
T292,48,15,1,60330.91,24,Low,0.65,0.24,3
T293,20,12,7,18756.25,22,Low,0.44,0.87,3
T294,8,4,5,70808.78,16,Low,0.27,0.65,0
T295,7,3,5,46062.03,13,Medium,0.2,0.74,3
T296,67,12,1,67108.3,23,Low,0.56,0.42,0
T297,17,7,6,83899.34,10,Low,0.87,0.37,4
T298,33,11,9,17803.11,25,Low,0.66,0.29,2
T299,48,1,9,2895.34,18,High,1.0,0.48,2
T300,76,6,8,78131.16,29,High,0.43,0.54,4
T301,59,15,5,61360.05,1,High,0.42,0.61,1
T302,86,15,1,70264.32,27,Low,0.33,0.31,1
T303,22,19,9,83977.34,2,Low,0.33,0.86,3
T304,30,11,1,80478.28,10,Low,0.43,0.24,0
T305,38,2,8,96131.09,5,Low,0.83,0.87,2
T306,51,14,5,54057.57,28,Medium,0.92,0.11,3
T307,54,2,3,49361.07,13,Medium,0.98,0.48,4
T308,8,4,7,40786.83,18,High,0.39,0.37,2
T309,27,17,7,16215.41,25,High,0.91,0.46,0
T310,27,3,9,57688.12,15,Low,0.46,0.56,0
T311,21,13,7,28424.24,20,Medium,0.29,0.45,1
T312,30,9,3,92209.44,21,Low,0.9,0.43,3
T313,28,7,1,58735.89,23,Low,0.71,0.69,4
T314,64,15,8,59691.18,6,Medium,0.33,0.65,2
T315,69,11,3,36137.54,29,Low,0.54,0.77,0
T316,61,2,8,6146.95,26,Low,0.43,0.3,2
T317,48,15,8,4142.63,7,Low,0.79,0.59,4
T318,19,14,5,42910.18,18,Medium,0.56,0.57,2
T319,4,11,1,9371.97,19,Medium,0.99,0.4,3
T320,35,3,7,61077.85,15,Low,0.24,0.49,1
T321,64,17,5,88216.33,21,High,0.48,0.35,2
T322,49,12,8,88408.57,26,Low,0.59,0.21,1
T323,17,15,9,66245.5,6,Low,0.6,0.27,4
T324,44,16,7,21911.95,8,Medium,0.45,0.18,1
T325,30,5,7,86436.69,12,Medium,0.78,0.65,2
T326,46,6,1,88723.25,0,High,0.9,0.63,2
T327,6,19,4,20468.7,28,Low,0.95,0.86,0
T328,37,5,2,74005.18,7,Medium,0.84,0.68,2
T329,24,3,2,29365.44,23,Medium,0.88,0.14,1
T330,46,1,2,80461.39,21,High,0.64,0.81,0
T331,53,6,4,99726.55,3,Low,0.86,0.79,2
T332,60,15,1,3972.57,2,Medium,0.44,0.45,2
T333,63,2,4,89839.22,26,Medium,0.52,0.57,4
T334,85,3,2,62640.42,2,Low,0.45,0.88,0
T335,32,17,5,97364.88,21,Low,0.57,0.53,4
T336,87,12,3,47035.94,12,Low,0.43,0.82,4
T337,33,18,8,84891.41,7,Medium,0.97,0.17,4
T338,67,15,4,7177.01,6,High,0.45,0.25,3
T339,18,12,1,34192.63,26,Medium,0.28,0.45,4
T340,25,16,1,7634.64,0,Medium,0.62,0.57,1
T341,54,8,3,97558.97,26,Medium,0.25,0.75,2
T342,58,14,9,81880.42,15,Low,0.29,0.89,3
T343,67,17,7,85402.19,5,Low,0.38,0.41,4
T344,46,8,2,93858.56,6,Low,0.57,0.14,2
T345,24,15,9,9425.25,11,Low,0.55,0.74,0
T346,32,14,2,39174.16,22,Low,0.84,0.58,0
T347,47,18,3,8032.45,8,Medium,0.79,0.26,2
T348,86,7,2,21868.52,26,Low,0.54,0.5,1
T349,23,3,3,23707.21,10,Low,0.47,0.69,2
T350,66,12,6,47441.61,9,Low,0.45,0.72,2
T351,27,3,9,27587.65,20,Low,0.82,0.5,3
T352,2,14,9,10996.83,0,High,0.24,0.34,0
T353,17,15,7,17581.62,17,High,0.21,0.88,0
T354,33,14,3,15580.28,3,Medium,0.84,0.63,4
T355,9,7,4,97334.6,4,Low,0.58,0.43,2
T356,43,17,6,76169.96,8,Medium,0.3,0.32,2
T357,48,12,5,96808.39,26,High,0.39,0.68,1
T358,39,4,2,44534.31,16,Medium,0.95,0.29,0
T359,42,9,6,28558.48,2,Low,0.89,0.24,1
T360,26,6,3,80031.03,15,Medium,0.77,0.52,3
T361,50,16,8,33299.14,4,High,0.59,0.33,4
T362,25,2,2,30638.95,15,Medium,0.62,0.6,1
T363,24,8,1,24018.09,2,Medium,0.98,0.19,0
T364,13,11,9,13838.22,19,Low,0.97,0.62,3
T365,60,13,3,26389.84,14,Medium,0.37,0.33,2
T366,7,17,1,36176.66,29,Low,0.85,0.1,3
T367,57,8,7,67725.43,2,Medium,0.36,0.2,1
T368,36,18,5,7193.92,19,Low,0.37,0.85,0
T369,45,18,5,21840.19,13,Low,0.74,0.79,1
T370,20,14,1,81093.34,15,Low,0.52,0.29,2
T371,65,15,9,15545.27,28,Medium,0.95,0.72,2
T372,8,6,7,34921.87,28,Low,0.27,0.59,0
T373,16,11,8,86601.23,16,Medium,0.61,0.88,4
T374,14,13,9,16337.61,27,Medium,0.93,0.4,3
T375,76,1,6,9190.95,23,Low,0.92,0.65,3
T376,87,6,5,48969.26,19,Low,0.33,0.15,2
T377,15,9,6,30939.53,22,Low,0.49,0.42,1
T378,66,8,2,56777.43,17,High,0.7,0.87,1
T379,32,11,4,80576.68,17,Medium,0.33,0.53,4
T380,87,19,3,14577.7,21,Low,0.97,0.33,1
T381,63,9,7,58489.21,13,Low,0.93,0.2,3
T382,86,17,9,51045.37,17,Medium,0.33,0.66,1
T383,51,12,5,15263.8,14,High,0.3,0.62,4
T384,25,14,6,62775.85,14,High,0.27,0.4,3
T385,58,15,2,28090.4,5,Medium,0.93,0.86,1
T386,63,16,3,49295.6,26,Low,0.35,0.12,3
T387,62,1,3,9144.96,14,Low,0.53,0.34,2
T388,22,10,9,46498.82,17,Low,0.56,0.84,2
T389,58,8,7,31339.88,3,Low,0.68,0.36,2
T390,58,18,8,82415.74,22,Low,0.26,0.3,1
T391,86,1,9,6640.89,7,Low,0.38,0.53,4
T392,49,2,6,42442.12,14,Low,0.95,0.76,3
T393,52,1,4,46384.71,2,High,0.93,0.18,0
T394,42,1,1,72775.6,29,Medium,0.83,0.85,2
T395,70,9,8,57854.47,14,High,0.22,0.74,2
T396,15,13,7,67054.02,12,Medium,0.46,0.25,0
T397,54,1,2,77927.88,8,Low,0.7,0.67,0
T398,60,13,8,86358.09,1,Medium,0.42,0.41,1
T399,8,7,5,32073.67,23,Low,0.93,0.42,3
T400,53,2,7,54264.25,7,Medium,0.71,0.73,2
T401,60,6,4,84170.7,28,Low,0.26,0.87,4
T402,5,7,5,98955.66,29,High,0.93,0.2,1
T403,68,14,8,89062.41,19,Low,0.97,0.44,1
T404,6,18,1,37775.26,16,Low,0.26,0.48,4
T405,47,15,1,20321.49,12,High,0.63,0.4,4
T406,55,2,4,49449.86,0,Low,0.44,0.39,4
T407,40,10,3,74422.5,1,Medium,0.51,0.14,0
T408,52,12,2,49764.34,29,Medium,0.34,0.65,2
T409,16,17,3,48834.91,14,High,0.66,0.45,0
T410,13,8,1,83984.81,11,High,0.97,0.26,2
T411,30,11,1,36778.97,13,High,0.6,0.75,0
T412,19,3,6,86119.67,24,Low,0.27,0.74,3
T413,17,6,5,41273.68,28,High,0.7,0.49,2
T414,63,9,8,33495.08,1,Medium,0.47,0.34,1
T415,19,6,2,45945.0,17,Medium,0.88,0.61,2
T416,58,9,4,76482.25,21,Low,0.55,0.33,2
T417,55,7,8,13474.2,6,Medium,0.35,0.29,2
T418,62,9,6,20445.5,28,High,0.35,0.68,3
T419,23,18,1,95193.04,22,High,0.82,0.13,0
T420,9,12,4,18373.67,28,Low,0.41,0.18,1
T421,12,8,1,57205.0,24,Low,0.81,0.11,0
T422,1,8,2,58352.13,5,Low,0.36,0.22,0
T423,58,18,5,49472.82,13,High,0.46,0.16,4
T424,1,15,8,64829.78,7,Medium,0.57,0.9,3
T425,34,7,8,23752.85,26,Low,0.95,0.33,4
T426,48,11,3,55713.56,21,Low,0.95,0.22,3
T427,89,16,4,37845.15,1,Low,0.37,0.29,0
T428,1,4,6,66505.06,16,Low,0.49,0.85,0
T429,16,6,3,14981.13,4,High,0.32,0.52,3
T430,61,3,2,57516.86,13,Medium,0.61,0.39,0
T431,64,9,6,19341.77,24,Low,0.57,0.8,0
T432,63,10,5,28585.66,23,Medium,0.92,0.42,1
T433,69,14,5,22652.27,29,Low,0.94,0.37,4
T434,22,11,5,19100.94,28,High,0.51,0.27,4
T435,67,18,5,82745.38,19,Low,0.59,0.4,4
T436,76,12,3,29285.05,20,Low,0.92,0.35,2
T437,26,12,7,92785.25,28,Low,0.85,0.64,1
T438,16,13,6,97022.73,20,Medium,0.2,0.33,4
T439,51,13,4,57554.79,21,Medium,0.46,0.56,4
T440,86,19,2,15157.11,2,Medium,0.54,0.15,1
T441,57,19,9,38080.28,4,Low,0.38,0.25,0
T442,29,14,1,79975.49,15,Low,0.36,0.43,4
T443,78,4,4,37371.68,17,Low,0.23,0.85,0
T444,69,13,1,9614.7,25,Medium,0.71,0.4,4
T445,47,8,6,56121.71,16,Low,0.41,0.63,3
T446,62,19,4,84666.96,10,Medium,0.24,0.3,2
T447,69,12,5,79796.71,16,High,0.38,0.2,4
T448,76,18,5,18337.19,15,High,0.84,0.15,3
T449,16,6,9,67603.7,25,Low,0.88,0.34,1
T450,48,18,1,22829.92,22,Low,0.59,0.23,3
T451,85,19,2,22602.55,1,Low,0.53,0.24,1
T452,39,5,6,87533.11,3,Medium,0.98,0.71,4
T453,33,9,5,25717.23,20,High,0.36,0.11,1
T454,23,3,7,27061.49,6,Low,0.37,0.55,3
T455,10,10,3,1064.69,1,Low,0.43,0.4,2
T456,69,19,3,87196.23,29,High,0.34,0.51,0
T457,34,3,2,79466.89,5,High,0.5,0.55,0
T458,52,15,3,63105.56,16,Low,0.93,0.35,2
T459,10,1,1,75276.31,6,Medium,0.69,0.34,0
T460,19,7,5,16052.81,24,Low,0.53,0.69,4
T461,58,12,5,46374.04,4,Low,0.95,0.8,4
T462,1,17,7,35770.72,4,High,0.24,0.25,3
T463,69,5,4,10283.88,19,High,0.37,0.18,3
T464,4,4,3,49126.92,15,Medium,0.65,0.82,1
T465,16,12,1,92153.23,18,Low,0.69,0.38,3
T466,24,18,8,4965.85,8,High,0.23,0.54,4
T467,80,17,3,29854.63,4,Low,0.52,0.39,3
T468,2,19,2,21546.55,7,Low,0.72,0.2,0
T469,32,9,4,24576.52,8,Medium,0.76,0.57,1
T470,84,4,3,90935.02,4,Low,0.71,0.52,1
T471,24,2,1,47338.84,9,Medium,0.46,0.26,4
T472,12,4,3,47163.64,24,Medium,0.27,0.46,3
T473,50,2,2,76296.99,1,Low,0.54,0.74,0
T474,35,15,8,16294.73,8,Low,0.3,0.57,3
T475,33,2,6,49239.27,10,Low,0.96,0.18,2
T476,33,4,9,43568.54,3,Low,0.58,0.54,3
T477,61,6,8,60094.16,21,Medium,0.45,0.66,4
T478,51,7,3,99956.21,21,High,0.81,0.73,3
T479,43,10,5,77175.44,21,Low,0.6,0.6,1
T480,12,19,7,40388.7,1,Low,0.45,0.22,0
T481,67,19,5,82927.75,22,Medium,0.85,0.67,4
T482,65,12,8,17900.13,28,High,0.89,0.64,2
T483,33,3,5,4015.9,5,Low,0.74,0.12,0
T484,40,13,1,21240.39,26,Low,0.24,0.43,0
T485,74,18,5,34700.74,13,Medium,0.65,0.37,1
T486,43,8,4,51547.49,0,Low,0.81,0.64,1
T487,44,15,6,61897.78,17,Low,0.31,0.27,1
T488,29,1,3,91149.97,6,Medium,0.38,0.57,4
T489,13,3,5,51475.55,0,Medium,0.91,0.83,3
T490,12,8,2,50626.29,0,Medium,0.22,0.74,0
T491,46,4,6,5974.06,0,Medium,0.8,0.84,3
T492,2,16,6,4456.24,23,Medium,0.58,0.88,3
T493,35,10,5,55564.84,3,Low,0.56,0.11,1
T494,87,12,6,44379.68,3,Low,0.21,0.6,3
T495,81,14,7,84078.86,28,Low,0.86,0.43,0
T496,8,14,5,16907.28,17,Low,0.49,0.79,0
T497,26,2,1,3472.19,26,Medium,0.63,0.3,2
T498,74,5,8,45454.84,10,High,0.74,0.88,4
T499,34,5,4,24510.38,26,High,0.76,0.59,3
T500,7,6,9,5911.82,0,Medium,0.96,0.73,4
T501,68,13,6,72735.23,27,Low,0.63,0.17,4
T502,58,9,1,12047.71,9,Low,0.52,0.25,4
T503,75,15,3,61223.63,8,High,0.96,0.71,4
T504,29,14,3,28823.93,22,Medium,0.71,0.12,0
T505,36,7,4,18176.11,3,Medium,0.44,0.75,3
T506,89,2,6,38595.4,27,Medium,0.3,0.11,2
T507,21,7,7,80343.13,5,Medium,0.87,0.63,4
T508,36,6,4,39817.26,29,High,0.49,0.39,2
T509,10,17,6,75326.2,15,Low,0.73,0.59,0
T510,73,2,1,13423.14,1,Medium,0.58,0.66,0
T511,24,3,8,77504.37,22,High,0.36,0.37,1
T512,64,5,7,24456.4,17,Low,0.68,0.19,4
T513,49,5,9,68061.92,9,Medium,0.25,0.16,1
T514,36,1,3,57012.37,23,Low,0.53,0.57,2
T515,82,8,2,92985.33,23,High,0.64,0.52,3
T516,24,12,1,39344.93,16,Low,0.55,0.69,1
T517,23,4,3,7550.35,12,Medium,0.8,0.51,0
T518,62,13,5,2896.39,23,Low,0.86,0.44,4
T519,37,15,2,82859.0,17,Medium,0.82,0.42,2
T520,12,11,3,52948.83,21,Low,0.23,0.12,0
T521,55,10,4,77749.16,12,Low,0.36,0.37,3
T522,13,3,7,24208.13,16,Low,0.63,0.88,4
T523,23,14,3,35163.29,4,High,0.95,0.8,3
T524,89,16,9,3980.28,10,Low,0.87,0.36,3
T525,30,10,8,96187.74,6,Low,0.87,0.57,4
T526,17,10,4,67118.92,28,Medium,0.44,0.78,4
T527,62,12,1,93387.3,9,Medium,0.54,0.45,3
T528,84,9,1,27284.14,16,High,0.58,0.11,2
T529,89,1,1,61534.9,14,Low,0.33,0.16,4
T530,86,5,1,68171.5,17,Medium,0.22,0.51,0
T531,13,8,8,32437.42,22,Low,0.96,0.88,1
T532,59,11,3,84962.81,21,Low,0.39,0.65,2
T533,19,12,6,94768.98,18,Medium,0.39,0.16,4
T534,49,1,3,88600.66,29,Medium,0.27,0.25,4
T535,12,11,5,74167.63,25,Medium,0.94,0.72,2
T536,61,5,7,28469.0,1,Low,0.66,0.77,1
T537,19,15,2,28879.99,25,Low,0.73,0.59,3
T538,76,5,6,96372.67,3,Low,0.93,0.62,0
T539,9,12,6,2018.17,2,High,0.48,0.12,4
T540,71,5,3,71888.95,6,Low,0.7,0.76,1
T541,28,17,6,70918.37,23,Low,0.23,0.73,0
T542,78,17,5,62646.26,17,Low,0.35,0.31,2
T543,52,12,2,99020.78,9,Medium,0.86,0.67,4
T544,83,15,9,31876.06,6,Low,0.81,0.27,3
T545,16,15,8,34657.21,7,High,0.48,0.13,2
T546,69,6,3,8815.0,5,Low,0.5,0.26,4
T547,12,12,8,44837.02,21,High,0.63,0.24,1
T548,25,18,9,26843.8,25,Low,0.2,0.37,0
T549,52,14,3,34995.28,0,Medium,0.39,0.43,0
T550,85,2,3,83622.61,3,High,0.37,0.51,4
T551,53,9,2,93612.97,13,Low,0.4,0.48,2
T552,23,5,8,19387.57,16,High,0.84,0.32,3
T553,16,1,1,37878.38,19,Low,0.42,0.12,1
T554,57,3,8,92934.43,17,High,0.35,0.58,4
T555,39,6,7,7119.04,10,Medium,0.6,0.42,1
T556,53,5,7,10143.69,28,Low,0.89,0.34,0
T557,42,5,3,17116.31,20,Low,0.39,0.79,3
T558,58,1,1,59926.07,25,Low,0.26,0.7,1
T559,39,17,4,15896.75,13,Low,0.49,0.79,4
T560,14,19,9,96839.56,8,Low,0.8,0.5,3
T561,5,14,5,45224.74,26,Low,0.64,0.2,2
T562,35,12,1,50650.28,14,Low,0.85,0.66,4
T563,87,10,5,25419.2,11,Medium,0.97,0.26,1
T564,75,18,8,47625.06,9,Low,0.83,0.45,3
T565,18,11,8,66529.45,18,Low,0.68,0.15,4
T566,76,2,5,75366.54,23,Medium,0.59,0.76,3
T567,9,18,9,75632.94,18,Low,0.23,0.2,3
T568,74,7,1,58211.22,5,Low,0.99,0.82,3
T569,58,15,4,90531.62,19,Low,0.51,0.79,1
T570,17,11,3,81923.38,23,High,0.32,0.47,4
T571,7,18,2,75947.76,26,High,0.73,0.7,0
T572,46,12,8,6504.95,5,Low,0.43,0.6,0
T573,13,6,7,1680.92,7,Medium,0.67,0.74,1
T574,40,13,9,22032.28,0,Medium,0.67,0.45,1
T575,42,16,2,66688.84,21,Medium,0.56,0.73,3
T576,9,18,4,41708.55,16,Medium,0.87,0.47,4
T577,50,10,6,40838.22,16,Medium,0.41,0.85,4
T578,27,8,3,88574.1,23,Low,0.56,0.49,2
T579,66,18,8,89660.72,14,Low,0.63,0.47,2
T580,5,1,3,91008.35,6,Low,0.73,0.73,0
T581,29,8,2,32073.93,18,High,0.83,0.76,2
T582,37,6,3,69414.53,21,Medium,0.52,0.54,2
T583,38,5,6,27891.68,24,High,0.72,0.24,0
T584,83,15,2,19870.37,22,High,0.32,0.47,0
T585,8,15,8,19278.61,27,Low,0.95,0.87,2
T586,65,2,1,34868.65,2,Medium,0.51,0.7,4
T587,86,1,7,43565.8,29,Medium,0.78,0.75,2
T588,17,11,2,83263.97,29,High,0.22,0.13,3
T589,71,10,6,12869.22,28,High,0.36,0.47,3
T590,89,18,2,73757.66,21,Medium,0.59,0.62,3
T591,45,18,2,53614.04,10,Low,0.9,0.76,1
T592,4,17,8,29506.59,19,Medium,0.62,0.14,3
T593,36,8,2,49789.14,29,Low,0.94,0.78,4
T594,70,15,7,30694.26,28,Medium,0.59,0.54,1
T595,31,8,3,60012.11,18,High,0.59,0.26,1
T596,19,17,8,43950.55,8,Low,0.3,0.35,3
T597,61,12,7,17276.15,9,Medium,0.84,0.33,2
T598,54,8,8,12541.72,1,Low,0.4,0.52,0
T599,39,14,7,55122.87,0,Low,0.92,0.14,2
T600,74,4,6,90338.89,29,Low,0.93,0.23,2
T601,19,1,7,35051.81,15,Medium,0.95,0.75,1
T602,39,1,5,73567.01,17,High,0.62,0.21,1
T603,67,19,7,66207.47,22,High,0.74,0.29,1
T604,45,16,1,93223.94,25,Low,0.82,0.46,4
T605,13,14,1,82277.12,16,High,0.3,0.51,4
T606,58,16,9,57093.92,5,Medium,0.68,0.71,0
T607,20,5,5,66046.02,13,Low,0.23,0.46,1
T608,72,9,5,89940.26,22,Low,0.6,0.73,3
T609,61,2,3,40552.36,24,Low,0.32,0.59,1
T610,39,18,5,33352.68,14,High,0.35,0.19,4
T611,1,6,3,2070.3,13,Medium,0.49,0.23,1
T612,3,9,9,82828.56,23,Medium,0.55,0.45,4
T613,77,1,9,80297.09,21,Low,0.7,0.42,1
T614,62,9,6,11341.0,2,Medium,0.26,0.69,3
T615,63,16,1,58108.88,23,Low,0.6,0.56,0
T616,25,13,7,46934.19,22,Low,0.35,0.41,3
T617,56,9,7,12752.2,18,Medium,0.66,0.24,4
T618,33,13,4,98076.25,24,Low,0.71,0.28,2
T619,38,9,8,22254.89,11,High,0.65,0.56,3
T620,6,11,6,7656.18,1,Low,0.79,0.44,1
T621,58,4,4,59889.89,2,Medium,0.47,0.51,0
T622,44,2,4,74147.8,17,Low,0.81,0.24,1
T623,45,6,2,4211.9,28,Medium,0.55,0.63,1
T624,32,14,2,66213.05,0,Low,0.59,0.78,3
T625,45,4,4,53696.9,19,Low,0.72,0.31,0
T626,61,6,5,11223.24,20,High,0.21,0.49,2
T627,47,19,8,18079.86,28,Low,0.72,0.88,1
T628,21,6,6,57229.46,5,High,0.69,0.37,0
T629,80,2,4,30339.4,4,High,0.45,0.58,2
T630,85,18,7,93893.26,0,Low,0.27,0.17,1
T631,75,13,8,82055.28,18,Low,0.27,0.58,0
T632,36,9,2,98373.15,0,Medium,0.94,0.17,3
T633,19,19,7,26707.41,26,High,0.75,0.87,1
T634,20,13,2,97002.64,20,High,0.3,0.67,1
T635,57,11,2,43692.15,20,Medium,0.49,0.73,0
T636,18,1,8,35404.36,15,Medium,0.67,0.66,1
T637,47,7,2,5984.6,11,Low,0.87,0.57,2
T638,49,15,9,6223.76,26,High,0.23,0.46,1
T639,14,1,1,69509.11,28,High,0.39,0.79,4
T640,15,12,9,46334.97,21,Low,0.91,0.87,2
T641,31,7,1,23425.64,7,Low,0.21,0.5,0
T642,1,15,2,61783.06,25,Low,0.36,0.85,2
T643,54,19,6,26032.95,15,Low,0.97,0.57,4
T644,3,1,6,58185.54,27,High,0.69,0.53,4
T645,16,17,1,36561.67,0,Low,0.41,0.46,1
T646,87,17,7,82531.67,3,Low,0.25,0.27,1
T647,57,3,8,82248.92,9,Low,0.22,0.1,3
T648,75,12,2,48257.69,10,High,0.4,0.29,2
T649,12,6,8,35731.09,16,Medium,0.91,0.51,3
T650,74,11,9,36893.42,24,Low,0.53,0.4,4
T651,16,3,6,80765.74,26,Low,0.78,0.46,1
T652,72,8,5,33489.77,22,High,0.93,0.88,1
T653,76,14,9,21696.88,6,High,0.53,0.38,1
T654,24,14,9,9384.15,11,Low,0.35,0.46,0
T655,28,10,1,47202.62,20,Low,0.61,0.21,4
T656,8,2,3,48731.08,6,Low,0.93,0.14,1
T657,36,14,9,84249.96,11,Low,0.84,0.72,4
T658,8,9,2,22902.63,14,Medium,0.25,0.56,1
T659,58,3,4,38718.14,1,High,0.75,0.71,2
T660,60,8,4,81032.17,13,Low,0.66,0.22,4
T661,50,16,2,82538.74,12,High,0.93,0.56,3
T662,28,2,3,39076.5,3,Low,0.3,0.3,0
T663,41,6,3,46453.28,13,Medium,0.63,0.28,3
T664,64,12,1,31025.3,13,Medium,0.9,0.11,4
T665,27,5,6,93322.93,15,Low,0.53,0.2,1
T666,63,2,8,12745.73,6,Low,0.59,0.35,4
T667,17,16,3,93441.19,18,Medium,0.26,0.19,0
T668,73,5,5,68702.78,1,Low,0.42,0.89,4
T669,33,15,1,53625.64,9,Low,0.46,0.35,1
T670,84,12,7,4233.25,17,Medium,0.96,0.2,3
T671,77,4,1,48084.02,28,High,0.43,0.26,2
T672,29,15,9,41367.06,16,Low,0.57,0.57,3
T673,13,11,8,16960.66,4,High,0.74,0.15,1
T674,46,16,7,65984.55,11,Low,0.33,0.79,1
T675,35,6,7,97143.94,5,Medium,0.59,0.87,0
T676,6,14,5,56656.69,21,Medium,0.79,0.3,4
T677,82,18,5,71760.57,8,High,0.89,0.46,4
T678,69,12,5,7776.59,19,Low,0.7,0.12,3
T679,47,11,1,42349.03,0,Medium,0.74,0.61,2
T680,25,13,8,12519.49,21,Medium,0.3,0.43,2
T681,66,11,1,61666.79,14,Low,0.96,0.32,0
T682,10,16,4,93909.73,20,Low,0.31,0.27,1
T683,56,15,9,66516.0,25,Low,0.82,0.62,0
T684,30,15,9,8603.5,5,Low,0.41,0.43,4
T685,5,4,5,36111.95,18,High,0.95,0.24,1
T686,33,11,4,55515.67,17,Low,0.78,0.65,0
T687,65,19,3,40917.57,5,Low,0.8,0.55,3
T688,18,15,3,83530.76,12,Medium,0.38,0.79,4
T689,49,4,5,81652.43,0,Low,0.55,0.19,2
T690,11,13,1,61571.27,22,Medium,0.69,0.73,0
T691,85,19,5,37972.34,22,Low,0.82,0.64,4
T692,26,2,6,26278.3,25,High,0.28,0.19,4
T693,63,14,7,11481.56,12,High,0.97,0.66,2
T694,89,4,9,36134.87,6,High,0.91,0.45,2
T695,86,16,3,41904.08,14,Low,0.42,0.86,2
T696,59,14,2,67906.47,11,Medium,0.86,0.21,0
T697,27,15,3,66157.82,26,Low,0.61,0.61,2
T698,49,3,9,7940.71,25,Low,0.57,0.41,3
T699,77,8,7,40130.67,0,Low,0.45,0.87,4
T700,33,16,9,18996.11,14,Medium,0.66,0.36,2
T701,1,10,2,16524.46,3,Low,0.78,0.87,4
T702,21,4,5,82902.91,12,Medium,0.53,0.82,1
T703,55,18,4,5149.61,22,Low,0.7,0.32,1
T704,6,2,2,42499.1,26,Low,0.76,0.74,2
T705,81,17,9,17652.16,24,Medium,0.77,0.9,4
T706,69,13,9,88053.69,4,Low,0.24,0.3,1
T707,5,4,6,56147.01,28,Medium,0.89,0.45,2
T708,3,11,6,23906.68,1,Low,0.57,0.52,4
T709,53,7,8,50740.3,22,High,0.41,0.34,2
T710,23,12,6,73417.15,25,Medium,0.39,0.11,4
T711,53,10,1,95853.68,0,Low,0.59,0.28,1
T712,37,7,4,22824.15,15,Low,0.91,0.33,2
T713,74,13,7,88732.0,22,Medium,0.5,0.45,1
T714,74,7,2,93496.11,5,High,0.8,0.24,2
T715,83,17,9,91725.63,22,Low,0.28,0.8,0
T716,17,10,8,63906.02,15,Low,0.58,0.66,1
T717,85,10,8,63352.24,13,High,0.99,0.17,1
T718,78,4,7,40917.85,28,Medium,0.82,0.62,3
T719,73,4,4,75487.39,25,Low,0.37,0.62,1
T720,1,7,2,53598.11,2,Low,0.6,0.86,4
T721,51,1,3,68066.37,14,Low,0.39,0.1,2
T722,45,12,6,43417.33,2,Medium,0.53,0.3,0
T723,77,13,5,73418.15,22,Low,0.82,0.84,4
T724,4,10,8,82622.68,28,High,0.82,0.85,4
T725,62,15,6,15497.19,1,Low,0.38,0.68,4
T726,65,13,6,83460.04,0,Low,0.94,0.71,4
T727,32,9,1,54489.36,8,Medium,0.67,0.17,0
T728,34,9,4,84621.92,8,High,0.5,0.51,3
T729,72,15,5,43698.87,22,High,0.6,0.29,1
T730,39,10,3,38525.01,6,Low,0.68,0.24,4
T731,26,10,9,91591.01,2,Medium,0.65,0.75,1
T732,34,8,1,25865.76,25,Medium,0.59,0.21,1
T733,54,16,6,84577.02,17,Low,0.6,0.47,4
T734,3,17,6,48918.04,10,Low,0.34,0.85,3
T735,50,5,5,51895.45,6,Low,0.85,0.25,1
T736,12,4,5,31538.36,8,Low,0.63,0.88,2
T737,65,18,5,57731.18,0,High,0.3,0.9,1
T738,54,19,6,33195.91,28,Low,0.81,0.54,4
T739,5,4,8,4887.67,13,High,0.95,0.24,0
T740,57,7,2,27927.86,19,Medium,0.96,0.35,1
T741,17,10,6,1631.53,5,Medium,0.5,0.44,3
T742,47,18,1,97857.12,6,Medium,0.31,0.35,2
T743,23,19,4,96608.97,9,Low,0.61,0.32,2
T744,79,4,3,40120.37,6,Low,0.29,0.88,0
T745,85,10,9,73108.71,25,Low,0.95,0.22,0
T746,14,1,3,35234.8,1,Medium,0.35,0.69,1
T747,66,18,6,67438.22,29,Low,0.4,0.1,4
T748,75,5,1,80737.57,3,Medium,0.53,0.58,3
T749,51,15,6,94728.87,20,Low,0.51,0.83,2
T750,38,17,4,40621.02,29,Low,0.84,0.33,0
T751,64,3,8,78546.5,27,Low,0.57,0.25,3
T752,38,12,9,27326.92,16,High,0.34,0.62,4
T753,50,2,4,99042.9,0,Medium,0.41,0.67,2
T754,82,1,6,3551.19,9,Low,0.61,0.65,2
T755,30,17,1,60749.35,18,Medium,0.32,0.36,4
T756,79,16,4,66291.09,14,Low,0.69,0.3,2
T757,51,5,7,69116.51,9,High,0.65,0.86,4
T758,63,15,1,12918.37,18,Medium,0.77,0.84,2
T759,52,3,8,93914.45,11,Low,0.95,0.47,1
T760,38,7,6,18937.14,23,Medium,0.93,0.78,4
T761,88,11,5,62652.59,15,Low,0.96,0.46,3
T762,79,10,9,23044.93,8,High,0.4,0.44,1
T763,30,9,2,31414.43,14,Low,0.31,0.23,3
T764,51,14,5,55099.4,29,Medium,0.44,0.44,2
T765,81,13,6,42302.15,26,Low,0.92,0.53,3
T766,5,2,7,16862.33,27,Medium,0.98,0.12,1
T767,29,3,5,17922.7,16,Medium,0.89,0.46,4
T768,4,7,9,42396.33,13,Medium,0.29,0.73,0
T769,10,18,1,75971.01,26,Medium,0.96,0.64,3
T770,56,3,7,89898.5,17,High,0.54,0.61,0
T771,17,10,7,9328.64,25,Low,0.21,0.83,3
T772,74,7,4,39917.29,1,Low,0.55,0.11,3
T773,17,9,9,10924.31,3,Low,0.24,0.55,4
T774,84,17,5,2642.66,17,High,0.64,0.73,2
T775,88,11,4,66510.15,6,Low,0.47,0.53,1
T776,69,7,7,60642.49,12,Medium,0.58,0.36,1
T777,34,14,4,17138.89,14,Medium,0.69,0.21,1
T778,6,19,3,24147.47,24,Low,0.9,0.81,2
T779,53,4,9,3347.07,22,Low,0.73,0.48,0
T780,66,6,8,83659.77,27,Low,0.55,0.8,1
T781,77,10,1,97494.37,21,Low,0.86,0.57,0
T782,43,7,7,14410.49,25,Low,0.92,0.64,2
T783,75,13,9,23916.05,0,Low,0.3,0.74,2
T784,23,14,8,86972.54,10,High,0.63,0.63,4
T785,55,4,8,92719.92,9,High,0.43,0.42,1
T786,80,8,6,42543.11,24,Low,0.24,0.51,4
T787,75,5,4,6011.62,4,Low,0.73,0.74,1
T788,16,1,8,4899.79,15,Low,0.89,0.4,2
T789,8,4,3,57821.04,10,Medium,0.33,0.41,2
T790,4,3,9,39896.62,20,High,0.85,0.18,3
T791,4,9,2,3836.59,5,Low,0.88,0.83,3
T792,56,8,2,58741.99,8,Low,0.93,0.17,2
T793,25,1,7,2118.95,12,Medium,0.41,0.62,2
T794,67,6,4,78949.82,23,Medium,0.92,0.43,0
T795,67,9,8,31336.85,7,Low,0.46,0.42,0
T796,27,7,9,4985.54,13,Medium,0.64,0.64,4
T797,32,4,7,59246.87,23,Low,0.24,0.15,3
T798,50,13,5,40370.76,0,Low,0.24,0.57,3
T799,61,17,8,97406.24,16,Medium,0.78,0.72,2
T800,51,2,4,54875.67,23,High,0.56,0.76,2
T801,19,5,2,28248.68,4,Low,0.41,0.24,4
T802,21,12,6,71234.45,24,High,0.35,0.82,3
T803,5,8,9,27877.71,1,Low,0.74,0.62,0
T804,82,6,1,90520.09,24,Medium,0.2,0.81,1
T805,42,8,7,38097.48,27,Low,0.84,0.49,4
T806,61,18,9,55436.99,29,High,0.26,0.53,1
T807,22,3,9,6006.74,23,High,0.35,0.84,0
T808,21,12,3,43186.0,8,Low,0.51,0.82,0
T809,70,3,5,83403.99,3,High,0.59,0.46,1
T810,1,6,8,80759.23,16,High,0.48,0.32,4
T811,5,2,8,23207.54,16,Medium,0.46,0.41,1
T812,12,12,4,23381.83,20,Low,0.97,0.41,4
T813,46,2,1,81913.23,17,High,0.71,0.33,4
T814,34,6,1,93109.44,15,High,0.22,0.31,2
T815,49,17,4,10440.73,29,Low,0.54,0.79,3
T816,78,3,6,45555.81,7,High,0.9,0.16,3
T817,45,2,8,34407.97,25,Low,0.44,0.64,0
T818,27,8,6,87198.16,10,Low,0.28,0.24,2
T819,73,12,9,9268.97,20,Medium,0.81,0.38,3
T820,26,4,9,21901.47,20,Medium,0.68,0.15,4
T821,47,5,2,75494.37,17,Medium,0.66,0.32,4
T822,86,13,1,6078.09,22,Low,0.24,0.71,1
T823,56,15,2,49761.0,28,High,0.31,0.81,1
T824,63,16,5,44768.6,23,Low,0.7,0.28,4
T825,48,10,4,34105.72,9,Low,0.37,0.47,4
T826,61,16,4,40062.66,12,Low,0.6,0.48,1
T827,81,12,9,53464.12,16,Medium,0.64,0.8,3
T828,26,17,8,16975.37,17,High,0.43,0.71,0
T829,36,16,6,57627.59,9,Medium,0.96,0.51,1
T830,1,12,1,80737.8,15,High,0.87,0.64,3
T831,8,8,2,76255.93,19,Low,0.78,0.78,3
T832,52,3,6,16236.09,4,Medium,0.26,0.11,3
T833,79,16,2,15775.7,12,Low,0.28,0.42,2
T834,47,13,5,27549.26,17,Low,0.59,0.83,2
T835,56,19,5,36746.4,16,Low,0.33,0.69,3
T836,86,8,6,41437.1,8,Medium,0.98,0.53,4
T837,14,5,6,68290.02,13,Medium,0.33,0.52,2
T838,28,8,6,6611.36,16,Medium,0.59,0.38,1
T839,87,12,2,4432.6,28,Low,0.49,0.52,2
T840,78,1,3,39799.15,3,Low,0.71,0.62,4
T841,88,6,6,70019.21,17,Medium,0.3,0.43,0
T842,2,18,8,20150.1,26,Low,0.54,0.67,2
T843,26,8,1,64508.94,19,High,0.42,0.79,3
T844,14,7,1,26722.99,23,Medium,0.91,0.22,3
T845,59,1,2,88722.52,23,Low,0.23,0.46,3
T846,56,16,6,89673.3,14,High,0.93,0.43,0
T847,7,12,9,30431.43,10,Medium,0.87,0.65,4
T848,3,6,4,23769.38,11,Low,0.44,0.3,1
T849,23,2,3,41719.09,8,Medium,0.83,0.61,4
T850,18,14,8,24812.63,12,Low,0.22,0.8,0
T851,38,4,9,67566.0,14,High,0.97,0.43,3
T852,15,1,5,82780.4,26,High,0.62,0.83,4
T853,64,18,9,67636.12,14,High,0.44,0.89,1
T854,89,13,2,82610.69,27,Medium,0.49,0.18,3
T855,28,2,3,40302.22,4,Low,0.25,0.29,1
T856,74,9,7,16475.38,22,Medium,0.99,0.86,2
T857,39,2,7,74057.14,18,Low,0.23,0.87,1
T858,57,9,6,36686.98,25,Medium,0.72,0.18,3
T859,17,1,6,67455.81,19,Medium,0.55,0.11,2
T860,86,11,2,27793.75,25,Low,0.96,0.23,3
T861,44,3,6,9041.73,24,Low,0.4,0.9,3
T862,25,4,4,99265.6,25,High,0.63,0.24,2
T863,17,18,3,16463.95,25,High,0.59,0.5,1
T864,13,6,2,98853.68,13,Low,0.76,0.78,0
T865,84,3,1,97750.71,27,Low,0.25,0.12,0
T866,25,11,5,79587.99,16,Low,0.36,0.58,0
T867,68,15,2,66282.87,17,High,0.37,0.32,0
T868,10,5,2,58202.9,20,Low,0.79,0.79,4
T869,67,10,7,86744.05,2,Medium,0.35,0.33,0
T870,18,12,8,29654.51,1,Low,0.66,0.65,2
T871,86,15,8,47300.44,0,Medium,0.37,0.64,0
T872,34,17,4,62319.61,9,Low,0.89,0.28,3
T873,8,10,1,41707.86,18,Medium,0.95,0.13,0
T874,40,6,7,43321.16,16,Low,0.61,0.43,1
T875,83,18,1,33698.18,11,Medium,0.48,0.33,2
T876,42,13,4,56858.95,0,Low,0.39,0.75,2
T877,41,3,8,85206.88,11,Medium,0.24,0.74,4
T878,6,10,2,20951.31,16,High,0.41,0.47,3
T879,52,14,6,93508.87,23,Low,0.72,0.59,2
T880,26,6,6,69219.68,2,High,0.63,0.58,1
T881,64,3,9,82504.05,10,Medium,0.96,0.76,0
T882,59,16,5,56062.88,16,Low,0.52,0.44,2
T883,56,7,4,78172.15,22,Low,0.76,0.32,1
T884,59,14,5,2603.84,25,Low,0.59,0.31,0
T885,70,9,5,82019.66,2,Medium,0.61,0.53,4
T886,33,15,8,4973.75,7,Medium,0.41,0.46,2
T887,53,3,8,89101.42,19,Low,0.56,0.45,2
T888,22,2,2,99204.31,3,Medium,0.58,0.17,1
T889,21,2,7,30112.68,20,High,0.77,0.67,3
T890,70,3,8,21821.54,21,High,0.95,0.27,4
T891,70,18,6,76770.97,6,Medium,0.46,0.26,3
T892,4,14,5,26049.61,13,High,0.23,0.43,2
T893,75,18,9,86690.68,13,Medium,0.6,0.28,3
T894,62,10,3,11181.42,3,Low,0.64,0.57,0
T895,62,2,4,13469.56,15,High,0.33,0.4,4
T896,24,1,9,97936.0,23,Low,0.81,0.46,3
T897,55,4,6,67710.05,28,Low,0.99,0.53,0
T898,9,14,8,84841.84,21,Low,0.96,0.26,1
T899,3,1,7,33108.61,29,High,0.36,0.22,3
T900,31,14,2,67971.89,0,High,0.9,0.8,4
T901,40,16,3,59829.94,16,Low,0.76,0.45,0
T902,36,14,1,60711.86,24,Low,0.56,0.43,3
T903,24,3,9,68570.71,9,Low,0.63,0.13,1
T904,6,3,7,57960.56,21,Medium,0.88,0.5,3
T905,66,9,1,43477.17,15,Low,0.58,0.54,0
T906,84,6,3,28316.35,15,Medium,0.5,0.55,3
T907,75,13,4,77089.55,25,Low,0.59,0.67,4
T908,4,2,4,23400.97,7,Low,0.66,0.24,2
T909,79,8,5,69543.08,28,Low,0.35,0.3,0
T910,6,2,3,24099.95,6,Low,0.92,0.75,0
T911,51,4,3,62907.69,27,High,0.74,0.86,0
T912,62,15,1,74960.75,5,Low,0.71,0.21,0
T913,57,4,7,22652.68,15,Low,0.28,0.5,3
T914,66,13,1,6934.39,19,Low,0.68,0.27,4
T915,79,12,2,13966.4,15,Low,0.3,0.15,1
T916,75,13,4,60993.7,6,Low,0.26,0.36,4
T917,8,14,4,85095.19,8,Low,0.62,0.21,0
T918,26,18,5,5454.69,13,Medium,0.52,0.67,3
T919,51,6,2,73680.97,10,Medium,0.67,0.53,3
T920,45,11,4,34790.55,25,Low,0.27,0.22,0
T921,44,2,1,48374.31,25,Low,0.54,0.11,3
T922,5,19,2,92957.1,13,High,0.34,0.75,0
T923,70,19,1,33865.18,6,Low,0.99,0.24,4
T924,26,5,4,47068.36,0,Low,0.65,0.58,2
T925,68,19,4,2354.56,25,Low,0.75,0.37,3
T926,19,2,7,9078.27,24,Low,0.46,0.57,0
T927,84,10,9,26600.57,12,Medium,0.28,0.35,0
T928,20,2,9,3757.37,19,Low,0.98,0.17,3
T929,12,11,5,63506.16,2,Medium,0.43,0.28,1
T930,47,18,1,43213.44,19,Low,0.54,0.25,0
T931,1,15,1,55266.38,3,Low,0.72,0.44,3
T932,14,9,6,18290.07,28,Medium,0.22,0.63,0
T933,64,19,2,30297.27,25,Low,0.85,0.31,1
T934,38,9,8,66718.62,10,Medium,0.63,0.11,2
T935,37,3,9,96564.97,1,Low,0.42,0.52,1
T936,11,9,4,5991.26,13,Medium,0.25,0.58,4
T937,77,14,5,89148.05,11,Low,0.33,0.87,3
T938,3,19,8,58111.24,29,High,0.92,0.57,1
T939,33,7,3,56828.04,16,Low,0.75,0.48,2
T940,6,16,5,50527.57,11,High,0.4,0.56,0
T941,50,16,3,7870.01,25,Low,0.25,0.84,3
T942,10,1,3,9897.81,11,Medium,0.75,0.76,1
T943,5,4,3,60490.29,0,Low,0.66,0.36,2
T944,23,4,7,34754.9,12,High,0.52,0.29,1
T945,10,7,7,91809.54,13,Low,0.49,0.31,4
T946,44,8,7,41252.46,23,Low,0.37,0.5,3
T947,2,17,8,15184.86,29,Low,0.74,0.7,0
T948,13,5,5,71757.16,1,Low,0.98,0.5,2
T949,40,7,5,30041.99,11,Low,0.34,0.15,1
T950,2,4,4,53021.56,25,High,0.68,0.68,3
T951,84,6,7,70085.45,20,High,0.54,0.74,1
T952,65,7,4,90126.15,27,Low,0.56,0.33,3
T953,63,18,2,79426.93,15,High,0.4,0.63,4
T954,73,5,4,67959.75,3,Medium,0.86,0.44,1
T955,17,3,8,68283.69,7,Low,0.59,0.81,4
T956,9,7,9,94646.54,1,Medium,0.63,0.78,2
T957,75,14,3,30286.59,9,Medium,0.44,0.52,4
T958,15,7,7,1110.1,8,High,0.35,0.65,3
T959,24,5,9,27923.5,22,Low,0.27,0.81,2
T960,38,5,4,22571.25,14,Medium,0.77,0.5,1
T961,35,2,3,66521.62,12,Low,0.36,0.35,1
T962,49,6,5,63737.45,22,Low,0.75,0.7,3
T963,69,15,1,59752.68,16,Low,0.51,0.28,0
T964,62,10,3,2608.1,29,High,0.53,0.41,0
T965,60,7,8,73149.03,15,High,0.58,0.79,1
T966,50,5,8,33029.51,27,Medium,0.49,0.68,3
T967,78,1,4,66840.54,1,Medium,0.28,0.42,0
T968,75,13,2,56101.26,19,Low,0.45,0.27,4
T969,9,18,8,34930.36,19,Low,0.73,0.38,1
T970,34,13,8,14323.05,26,Low,0.73,0.33,4
T971,76,18,4,10347.47,13,Low,0.43,0.24,3
T972,35,5,3,83320.31,2,Medium,0.57,0.69,4
T973,1,13,2,91921.36,22,Medium,0.35,0.3,0
T974,40,4,9,65329.02,11,Low,0.37,0.46,0
T975,64,17,1,11239.98,7,Low,0.22,0.41,2
T976,22,3,7,40800.69,1,Low,0.92,0.89,1
T977,60,17,5,73164.98,3,Low,0.37,0.41,3
T978,64,11,8,78202.27,13,High,0.38,0.16,1
T979,72,4,4,12703.64,15,Medium,0.42,0.17,4
T980,11,2,7,1003.04,18,High,0.3,0.57,3
T981,14,16,5,71501.57,1,Low,0.71,0.58,3
T982,60,18,5,36303.02,11,Low,0.26,0.44,0
T983,30,8,9,26193.65,28,Low,0.31,0.45,4
T984,35,3,9,2276.85,13,High,0.72,0.14,0
T985,85,9,9,54489.64,5,Medium,0.47,0.51,0
T986,37,6,6,85263.92,12,Low,0.77,0.5,2
T987,5,10,6,95805.53,3,Medium,0.65,0.22,0
T988,83,10,5,57008.75,21,Low,0.4,0.18,1
T989,78,13,9,51931.67,17,Medium,0.72,0.2,3
T990,26,17,8,9420.58,11,High,0.29,0.18,0
T991,62,9,7,55338.41,19,Medium,0.63,0.59,1
T992,4,17,7,38617.93,26,Medium,0.55,0.26,4
T993,89,9,6,61106.39,21,Low,0.41,0.3,3
T994,42,9,5,39483.91,29,Low,0.68,0.24,4
T995,89,1,4,24789.61,20,Low,0.9,0.87,1
T996,18,2,3,10401.56,18,Low,1.0,0.78,4
T997,40,16,3,32176.93,7,Medium,0.69,0.28,4
T998,72,1,6,10567.84,6,Medium,0.52,0.36,4
T999,39,10,4,18512.8,15,Low,0.38,0.27,0
T1000,14,18,6,98746.28,18,High,0.41,0.49,0
T1001,32,8,3,44966.25,5,Low,0.58,0.12,0
T1002,51,11,4,53655.3,19,Low,0.49,0.64,3
T1003,38,2,9,87488.23,26,Low,0.93,0.52,1
T1004,23,8,5,99561.32,20,Low,0.49,0.82,0
T1005,63,8,7,58688.73,10,Low,0.5,0.23,4
T1006,15,17,2,81434.91,4,Low,0.51,0.74,4
T1007,25,15,5,33367.16,15,Low,0.87,0.73,4
T1008,17,17,9,31268.65,6,High,0.72,0.2,4
T1009,66,13,3,40867.67,26,Low,0.69,0.42,2
T1010,78,19,9,67578.22,4,Low,0.47,0.24,3
T1011,53,5,6,68536.98,10,Low,0.85,0.3,1
T1012,51,12,4,32208.7,14,Medium,0.23,0.31,1
T1013,39,1,7,14187.78,2,Low,0.9,0.54,0
T1014,51,5,8,63607.23,25,High,0.61,0.43,2
T1015,70,8,6,13704.26,4,Medium,0.52,0.86,1
T1016,6,13,5,58270.76,22,Medium,0.6,0.2,3
T1017,67,8,6,69648.79,20,Medium,0.73,0.88,4
T1018,7,11,5,70360.54,4,Low,0.21,0.28,0
T1019,51,1,8,75593.74,8,Low,0.9,0.72,3
T1020,72,13,1,87413.08,14,Low,0.56,0.37,1
T1021,42,19,7,50495.94,2,Medium,0.47,0.21,2
T1022,64,3,2,73294.67,28,Low,0.31,0.79,0
T1023,15,17,9,62298.1,5,Low,0.55,0.35,1
T1024,29,5,1,19477.35,16,High,0.6,0.63,0
T1025,33,8,6,3543.27,25,Low,0.52,0.55,1
T1026,27,14,9,29169.6,20,High,0.74,0.48,4
T1027,36,4,1,44860.34,7,Medium,0.54,0.5,2
T1028,29,11,4,62093.49,20,Low,0.97,0.69,4
T1029,38,15,4,85145.97,24,Low,0.68,0.17,1
T1030,57,19,9,20428.33,10,Low,0.85,0.63,3
T1031,27,7,5,13429.43,5,Medium,0.29,0.82,4
T1032,55,19,5,96384.51,7,Medium,0.52,0.15,3
T1033,33,19,6,11696.41,9,Medium,0.47,0.21,1
T1034,68,11,1,48370.62,23,High,0.66,0.67,2
T1035,86,5,1,58970.81,28,Medium,0.89,0.45,3
T1036,66,5,9,54596.07,2,Low,0.26,0.42,1
T1037,10,8,3,9517.18,22,Low,0.26,0.21,3
T1038,5,10,4,6645.66,13,High,0.88,0.51,4
T1039,74,6,1,11442.86,22,Low,0.37,0.2,1
T1040,38,15,9,58973.18,13,Low,0.74,0.48,4
T1041,13,16,8,54890.14,9,Medium,0.63,0.71,0
T1042,31,17,2,24140.34,11,Low,0.87,0.31,1
T1043,47,8,8,64139.64,5,High,0.3,0.48,3
T1044,88,8,7,82186.68,11,Medium,0.3,0.89,0
T1045,52,9,6,5116.32,22,Low,0.65,0.65,4
T1046,56,2,1,50314.86,13,High,0.96,0.77,4
T1047,15,15,7,69241.73,1,Low,0.53,0.43,3
T1048,29,18,7,25978.88,8,Low,0.46,0.71,0
T1049,8,3,9,31469.32,9,Low,0.69,0.13,2
T1050,5,17,1,61750.15,25,Low,0.94,0.2,3
T1051,29,4,2,89895.59,16,Low,0.87,0.26,4
T1052,47,4,9,81182.52,16,Low,1.0,0.42,1
T1053,68,14,9,58729.89,2,Low,0.22,0.78,0
T1054,76,9,6,73291.95,29,Low,0.29,0.38,2
T1055,45,9,6,37117.42,18,Medium,0.69,0.62,1
T1056,2,18,4,64455.59,0,High,0.86,0.67,0
T1057,27,10,4,47151.98,11,Low,0.43,0.57,3
T1058,36,4,5,19803.68,6,Low,0.39,0.39,3
T1059,36,12,3,70472.09,3,Low,0.83,0.56,0
T1060,26,8,1,56090.0,9,Low,0.25,0.37,2
T1061,43,2,1,36503.54,12,Medium,0.5,0.17,0
T1062,27,13,7,91222.58,1,Medium,0.6,0.89,1
T1063,69,16,1,3072.48,9,Low,0.65,0.2,1
T1064,20,2,1,32261.54,20,Low,0.78,0.16,3
T1065,11,11,3,6631.26,21,Low,0.48,0.8,0
T1066,74,10,4,76886.2,24,Medium,0.69,0.34,3
T1067,38,15,4,70508.64,3,Low,0.67,0.62,2
T1068,6,17,2,33803.87,17,High,0.64,0.36,1
T1069,72,8,1,67890.63,4,Medium,0.71,0.41,4
T1070,23,18,3,40197.79,18,Low,0.41,0.31,4
T1071,47,9,4,75869.13,1,Medium,0.27,0.37,0
T1072,46,8,3,45964.18,11,High,0.3,0.43,0
T1073,12,14,8,41815.69,16,Medium,0.38,0.68,4
T1074,13,18,1,93538.26,9,Low,0.6,0.51,0
T1075,62,12,2,25837.03,1,Low,0.87,0.85,1
T1076,82,19,7,12924.29,5,High,0.76,0.13,2
T1077,89,14,4,58869.77,7,Medium,0.83,0.5,2
T1078,60,17,8,96962.86,28,Medium,0.48,0.57,3
T1079,43,3,3,38406.08,18,High,0.52,0.84,1
T1080,76,7,6,7141.64,10,High,0.51,0.14,0
T1081,68,17,9,34591.22,24,High,0.35,0.56,0
T1082,5,12,1,51087.23,11,Low,0.25,0.78,3
T1083,37,9,1,17030.38,8,Medium,0.67,0.29,3
T1084,72,15,8,66152.12,1,Medium,0.99,0.8,0
T1085,31,18,3,99777.19,7,Medium,0.33,0.12,0
T1086,9,13,5,45722.21,25,Medium,0.24,0.69,1
T1087,51,8,1,36118.13,10,Low,0.82,0.85,3
T1088,29,14,5,40669.71,27,Medium,0.4,0.63,1
T1089,78,8,6,12399.47,20,Medium,0.86,0.45,0
T1090,40,14,8,88444.09,3,Low,0.76,0.14,4
T1091,41,7,3,42067.74,9,Low,0.96,0.84,4
T1092,86,12,3,39340.17,20,Low,0.53,0.48,0
T1093,11,11,9,66309.34,19,Low,0.73,0.12,3
T1094,23,11,4,44761.31,15,Low,0.57,0.65,4
T1095,1,13,4,65175.11,7,Low,0.7,0.49,3
T1096,46,18,7,7083.18,3,Medium,0.56,0.2,4
T1097,21,2,2,81558.61,28,Medium,0.35,0.27,3
T1098,36,15,8,94109.89,9,Medium,0.61,0.15,4
T1099,54,18,6,65227.77,11,High,0.62,0.56,3
T1100,87,15,3,95502.03,28,Low,0.85,0.6,1
T1101,57,19,9,15991.8,13,Low,0.79,0.5,3
T1102,1,12,5,48264.2,15,High,0.73,0.75,1
T1103,63,13,8,60578.87,21,Low,0.29,0.79,1
T1104,54,11,7,58591.93,17,High,0.78,0.59,0
T1105,55,5,8,40744.72,20,High,0.6,0.11,1
T1106,40,1,7,34470.36,21,Medium,0.92,0.66,2
T1107,15,3,3,13555.58,20,High,0.94,0.43,1
T1108,21,19,2,39782.5,11,Low,0.24,0.55,3
T1109,47,7,7,17103.42,17,Low,0.86,0.62,1
T1110,73,12,3,73702.2,29,Medium,0.23,0.38,3
T1111,53,15,3,21674.26,6,Low,0.49,0.83,3
T1112,9,5,2,6797.97,19,High,0.63,0.21,2
T1113,74,15,4,55684.25,23,Low,0.32,0.64,1
T1114,52,8,8,59927.74,22,Medium,0.8,0.1,1
T1115,57,10,1,87319.39,6,Medium,0.21,0.84,4
T1116,26,16,1,58121.18,8,Medium,0.33,0.19,4
T1117,41,8,5,35202.6,0,Low,0.66,0.18,0
T1118,35,1,5,80498.18,25,Low,0.77,0.37,3
T1119,63,12,1,54487.61,5,High,0.93,0.4,2
T1120,25,5,6,8848.75,5,Low,0.76,0.27,4
T1121,75,3,1,57019.21,21,High,0.74,0.57,1
T1122,38,1,5,90893.84,28,Medium,0.52,0.45,0
T1123,2,4,9,40234.95,11,Medium,0.2,0.13,2
T1124,7,8,5,30336.25,21,Medium,0.3,0.36,1
T1125,82,3,6,15203.48,11,Low,0.63,0.75,1
T1126,34,10,8,15993.11,9,Medium,0.74,0.65,3
T1127,17,2,1,43844.38,22,High,0.53,0.68,3
T1128,43,11,2,59972.3,29,Low,0.78,0.66,4
T1129,59,10,9,8980.93,25,High,0.62,0.35,4
T1130,51,14,3,94017.29,5,Low,0.26,0.18,1
T1131,54,7,6,75758.23,16,Low,0.35,0.32,1
T1132,24,2,5,59075.77,18,Low,0.87,0.77,4
T1133,25,9,2,83015.43,17,High,0.78,0.88,4
T1134,71,16,7,8938.49,5,Low,0.92,0.5,1
T1135,52,13,4,48207.05,23,High,0.29,0.11,2
T1136,70,9,1,63379.22,18,High,0.99,0.21,1
T1137,88,4,4,83036.64,9,Low,0.37,0.36,2
T1138,33,10,6,78563.49,23,Low,0.21,0.56,2
T1139,49,12,7,28429.86,7,Medium,1.0,0.16,1
T1140,29,17,7,94147.14,20,Low,0.42,0.85,0
T1141,63,14,7,13310.24,23,Medium,0.73,0.39,4
T1142,22,14,3,87638.23,5,Low,0.34,0.83,3
T1143,26,2,6,97123.08,20,Low,0.66,0.72,1
T1144,28,11,8,18538.2,24,Medium,0.92,0.7,2
T1145,85,16,4,72484.54,29,Low,0.46,0.59,1
T1146,49,19,8,4988.27,6,Low,0.74,0.6,4
T1147,71,6,2,41136.86,23,Low,0.35,0.61,2
T1148,81,19,9,52112.05,0,Low,0.7,0.6,3
T1149,84,5,9,58483.88,26,Medium,0.47,0.54,3
T1150,49,4,8,93657.79,17,High,0.37,0.89,3
T1151,20,15,1,67552.82,23,Low,0.45,0.69,0
T1152,86,4,2,48646.52,27,Medium,0.34,0.72,2
T1153,63,10,6,81157.83,24,Medium,0.92,0.8,2
T1154,61,3,5,95102.75,19,Low,0.52,0.27,0
T1155,49,5,9,3184.55,11,Low,0.4,0.17,2
T1156,71,6,5,98269.61,15,High,0.56,0.49,0
T1157,1,8,2,9527.08,9,Medium,0.46,0.51,1
T1158,13,7,4,81624.29,26,Medium,0.8,0.76,4
T1159,87,10,9,28753.14,9,Medium,0.98,0.46,3
T1160,51,6,1,14085.79,13,Low,0.55,0.56,0
T1161,56,14,1,44545.71,24,Medium,0.89,0.52,0
T1162,83,4,7,64751.7,19,Medium,0.65,0.13,0
T1163,62,13,3,38714.23,9,Medium,0.33,0.59,1
T1164,32,17,2,6401.98,9,Low,0.75,0.76,0
T1165,30,7,9,60346.65,25,Low,0.61,0.23,4
T1166,29,4,3,90337.92,24,Low,0.72,0.58,4
T1167,49,14,2,38938.32,10,High,0.91,0.57,3
T1168,45,3,8,22416.94,22,Low,0.55,0.23,1
T1169,30,5,6,44815.16,1,Low,0.92,0.2,4
T1170,16,16,6,5787.91,24,Low,0.8,0.88,2
T1171,40,4,7,82228.27,19,Low,0.59,0.41,2
T1172,19,2,7,82807.74,7,Medium,0.68,0.28,2
T1173,18,18,6,59212.05,29,Medium,0.46,0.24,0
T1174,1,19,4,35957.19,22,Medium,0.99,0.63,0
T1175,78,19,9,80178.55,28,Low,0.73,0.59,2
T1176,47,17,6,55914.02,6,Medium,0.24,0.61,3
T1177,66,14,4,82767.3,7,Low,0.46,0.17,3
T1178,38,19,3,63514.42,0,Low,0.7,0.81,0
T1179,51,13,4,78656.14,20,Low,0.25,0.41,2
T1180,63,12,3,60257.74,1,Low,0.22,0.35,3
T1181,4,6,2,41999.97,17,Low,0.56,0.47,0
T1182,1,4,5,95836.64,14,Medium,0.47,0.41,2
T1183,8,19,2,54570.27,0,Medium,0.55,0.79,1
T1184,29,16,6,60903.86,4,High,0.41,0.84,2
T1185,55,13,3,22828.28,1,Low,0.33,0.34,2
T1186,3,4,6,62939.43,19,Low,0.75,0.79,4
T1187,32,17,9,57589.16,2,Low,0.61,0.73,4
T1188,10,1,1,19299.0,18,High,0.36,0.84,1
T1189,74,18,6,6899.12,17,Medium,0.46,0.3,1
T1190,83,17,9,60831.57,28,Medium,0.67,0.56,2
T1191,34,15,4,76605.53,21,Low,0.26,0.32,3
T1192,87,11,2,52816.74,17,Medium,0.32,0.76,1
T1193,55,13,4,23450.49,13,Low,0.26,0.1,2
T1194,32,1,1,66985.68,29,Medium,0.85,0.55,0
T1195,50,17,3,8930.47,23,High,0.8,0.37,4
T1196,7,6,9,44741.54,7,High,0.8,0.36,3
T1197,8,4,5,17173.31,28,Medium,0.77,0.62,2
T1198,65,16,6,19261.45,29,Low,0.74,0.78,0
T1199,57,15,3,21027.1,11,High,0.58,0.59,4
T1200,67,15,5,39284.0,20,Medium,0.71,0.78,0
T1201,88,6,8,6063.87,9,Low,0.23,0.31,2
T1202,87,15,6,40381.55,22,Low,0.7,0.52,1
T1203,59,14,4,51659.04,19,Low,0.82,0.46,4
T1204,72,11,2,48846.13,16,Low,0.6,0.11,0
T1205,54,7,9,38895.63,10,Low,0.49,0.55,1
T1206,67,9,1,84075.51,1,Medium,0.42,0.63,3
T1207,51,16,1,15387.34,25,Low,0.71,0.57,2
T1208,8,5,4,51063.98,25,Low,0.75,0.69,2
T1209,34,10,7,7142.1,3,Medium,0.9,0.56,4
T1210,35,18,1,8044.41,0,High,0.47,0.15,0
T1211,88,3,9,57812.72,14,Medium,0.82,0.19,3
T1212,78,13,4,57035.82,12,Low,0.65,0.58,4
T1213,32,11,3,87925.32,7,High,0.91,0.32,4
T1214,46,17,1,56229.49,24,High,0.62,0.16,0
T1215,16,13,4,96019.31,3,Low,0.61,0.44,3
T1216,68,6,9,5820.79,9,Low,0.66,0.54,0
T1217,37,17,6,10702.76,18,Medium,0.8,0.36,2
T1218,54,13,6,5362.52,17,High,0.97,0.68,1
T1219,85,19,1,19342.41,4,High,0.26,0.62,2
T1220,14,19,2,54585.74,29,High,0.24,0.37,2
T1221,55,10,6,64911.65,18,Medium,0.95,0.7,4
T1222,48,3,2,5512.93,25,Medium,0.62,0.62,2
T1223,82,14,3,94651.12,22,Low,0.69,0.61,3
T1224,7,19,4,84374.37,26,Low,0.59,0.54,2
T1225,74,5,5,30364.64,21,Low,0.27,0.11,3
T1226,7,5,9,8641.57,15,Medium,0.81,0.66,0
T1227,33,17,4,17818.82,0,Medium,0.8,0.4,4
T1228,23,10,9,13567.5,11,Medium,0.45,0.85,3
T1229,85,5,3,13205.09,23,Low,0.44,0.75,2
T1230,19,4,8,52337.61,1,Medium,0.87,0.57,4
T1231,19,6,1,25338.9,20,Low,0.26,0.3,4
T1232,36,4,9,36455.83,24,Low,0.9,0.26,3
T1233,29,7,9,98961.03,7,Medium,0.41,0.37,3
T1234,60,7,2,68747.11,17,Medium,0.67,0.48,1
T1235,82,18,4,94949.09,24,High,0.95,0.34,1
T1236,2,3,8,15113.1,15,Low,0.74,0.51,4
T1237,1,1,7,38831.81,4,Low,0.53,0.23,1
T1238,47,4,1,55918.45,25,Low,0.75,0.88,2
T1239,69,6,5,8599.05,29,Low,0.48,0.19,0
T1240,20,9,7,1414.56,21,High,0.42,0.85,4
T1241,11,14,4,67373.0,12,Medium,1.0,0.83,0
T1242,2,12,1,64540.13,18,High,0.8,0.52,1
T1243,67,4,9,41668.09,28,Low,0.72,0.68,3
T1244,87,12,5,49474.76,2,High,0.48,0.45,4
T1245,12,10,2,42128.86,25,Low,0.24,0.6,1
T1246,20,7,8,3376.5,7,High,0.22,0.37,2
T1247,5,3,2,34201.79,26,Low,0.64,0.34,4
T1248,37,14,3,18531.14,25,Low,0.81,0.56,4
T1249,38,10,1,10743.99,25,Medium,0.63,0.5,3
T1250,9,16,2,95715.32,11,High,0.87,0.56,4
T1251,53,16,7,60336.61,1,Low,0.23,0.33,3
T1252,44,10,2,73136.97,10,Low,0.49,0.39,1
T1253,86,13,6,32221.01,11,High,0.39,0.17,2
T1254,24,6,3,39921.57,27,Low,0.56,0.14,2
T1255,81,12,4,24455.48,17,Low,0.26,0.3,4
T1256,74,9,8,10599.6,12,Low,0.96,0.16,4
T1257,30,13,3,18724.13,4,Low,0.38,0.18,1
T1258,59,4,6,79953.89,21,High,0.94,0.75,3
T1259,87,11,1,68077.03,11,Medium,0.54,0.13,2
T1260,81,18,7,55145.96,1,Medium,0.99,0.63,3
T1261,81,11,8,48033.9,4,High,0.64,0.32,1
T1262,14,4,8,92320.99,6,Low,0.94,0.8,2
T1263,9,18,3,8200.76,25,Low,0.2,0.49,2
T1264,40,1,1,28779.48,25,Low,0.8,0.34,0
T1265,66,7,9,35643.85,23,Low,0.92,0.51,1
T1266,25,6,6,78460.16,11,Low,0.31,0.41,1
T1267,73,15,9,99258.95,15,High,0.28,0.55,0
T1268,22,18,7,24826.38,22,Medium,0.54,0.19,3
T1269,4,11,1,87556.43,7,Low,0.95,0.9,0
T1270,26,15,1,83231.65,29,Medium,0.63,0.44,1
T1271,58,16,6,23241.08,27,Medium,0.62,0.38,3
T1272,29,7,5,40533.93,8,High,0.31,0.67,2
T1273,87,10,9,41557.61,14,High,0.2,0.39,0
T1274,37,12,2,97843.85,4,Medium,0.85,0.77,3
T1275,75,14,8,18908.3,12,Medium,0.27,0.46,3
T1276,70,5,5,80116.64,4,Medium,0.71,0.68,3
T1277,18,18,2,34085.08,10,Medium,0.93,0.19,0
T1278,85,5,6,73356.16,9,Low,0.37,0.78,2
T1279,42,3,8,42581.09,19,Low,0.73,0.69,3
T1280,41,5,4,58257.62,12,Medium,0.26,0.27,0
T1281,38,17,2,83428.57,8,Low,0.68,0.22,1
T1282,34,19,5,80612.39,20,Low,0.33,0.35,0
T1283,17,19,2,86775.9,13,Medium,0.79,0.88,0
T1284,37,12,2,6902.12,17,Low,0.44,0.31,0
T1285,25,9,6,69513.0,14,Medium,0.57,0.46,3
T1286,76,1,9,14858.75,9,Medium,0.68,0.12,0
T1287,87,18,4,42166.04,23,High,0.34,0.42,1
T1288,86,4,6,55310.25,6,Low,0.79,0.56,3
T1289,85,10,7,40871.21,7,Low,0.44,0.86,1
T1290,27,7,6,52441.56,27,Medium,0.73,0.51,4
T1291,57,1,8,99656.1,2,High,0.33,0.76,0
T1292,31,17,4,14386.51,14,High,0.75,0.54,3
T1293,6,2,1,67870.15,15,Low,0.3,0.13,3
T1294,40,11,7,40204.1,3,Low,0.54,0.35,0
T1295,12,9,3,14167.97,20,High,0.4,0.56,2
T1296,53,7,6,16714.94,5,Low,0.8,0.86,2
T1297,71,17,2,94978.04,0,Medium,0.41,0.79,1
T1298,10,17,9,88080.55,3,Low,0.91,0.28,0
T1299,45,2,1,90797.15,10,Low,0.91,0.28,0
T1300,17,6,6,99161.74,11,Low,0.36,0.26,4
